name,name_norm,Team,game_id,update_time
lamelo ball,lameloball,CHO,202412230CHO,2024-12-23 23:19:03.974626
cody martin,codymartin,CHO,202412230CHO,2024-12-23 23:19:03.974626
josh green,joshgreen,CHO,202412230CHO,2024-12-23 23:19:03.974626
miles bridges,milesbridges,CHO,202412230CHO,2024-12-23 23:19:03.974626
mark williams,markwilliams,CHO,202412230CHO,2024-12-23 23:19:03.974626
fred vanvleet,fredvanvleet,HOU,202412230CHO,2024-12-23 23:19:03.974626
jalen green,jalengreen,HOU,202412230CHO,2024-12-23 23:19:03.974626
dillon brooks,dillonbrooks,HOU,202412230CHO,2024-12-23 23:19:03.974626
jabari smith,jabarismith,HOU,202412230CHO,2024-12-23 23:19:03.974626
alperen sengun,alperensengun,HOU,202412230CHO,2024-12-23 23:19:03.974626
darius garland,dariusgarland,CLE,202412230CLE,2024-12-23 23:19:03.974626
donovan mitchell,donovanmitchell,CLE,202412230CLE,2024-12-23 23:19:03.974626
sam merrill,sammerrill,CLE,202412230CLE,2024-12-23 23:19:03.974626
evan mobley,evanmobley,CLE,202412230CLE,2024-12-23 23:19:03.974626
jarrett allen,jarrettallen,CLE,202412230CLE,2024-12-23 23:19:03.974626
collin sexton,collinsexton,UTA,202412230CLE,2024-12-23 23:19:03.974626
svi mykhailiuk,svimykhailiuk,UTA,202412230CLE,2024-12-23 23:19:03.974626
lauri markkanen,laurimarkkanen,UTA,202412230CLE,2024-12-23 23:19:03.974626
brice sensabaugh,bricesensabaugh,UTA,202412230CLE,2024-12-23 23:19:03.974626
walker kessler,walkerkessler,UTA,202412230CLE,2024-12-23 23:19:03.974626
jalen suggs,jalensuggs,ORL,202412230ORL,2024-12-23 23:19:03.974626
kentavious caldwell pope,kentaviouscaldwellpope,ORL,202412230ORL,2024-12-23 23:19:03.974626
tristan da silva,tristandasilva,ORL,202412230ORL,2024-12-23 23:19:03.974626
wendell carter,wendellcarter,ORL,202412230ORL,2024-12-23 23:19:03.974626
goga bitadze,gogabitadze,ORL,202412230ORL,2024-12-23 23:19:03.974626
jrue holiday,jrueholiday,BOS,202412230ORL,2024-12-23 23:19:03.974626
derrick white,derrickwhite,BOS,202412230ORL,2024-12-23 23:19:03.974626
jaylen brown,jaylenbrown,BOS,202412230ORL,2024-12-23 23:19:03.974626
jayson tatum,jaysontatum,BOS,202412230ORL,2024-12-23 23:19:03.974626
kristaps porzingis,kristapsporzingis,BOS,202412230ORL,2024-12-23 23:19:03.974626
tyrese maxey,tyresemaxey,PHI,202412230PHI,2024-12-23 23:19:03.974626
kelly oubre,kellyoubre,PHI,202412230PHI,2024-12-23 23:19:03.974626
paul george,paulgeorge,PHI,202412230PHI,2024-12-23 23:19:03.974626
kj martin,kjmartin,PHI,202412230PHI,2024-12-23 23:19:03.974626
joel embiid,joelembiid,PHI,202412230PHI,2024-12-23 23:19:03.974626
chris paul,chrispaul,SAS,202412230PHI,2024-12-23 23:19:03.974626
devin vassell,devinvassell,SAS,202412230PHI,2024-12-23 23:19:03.974626
harrison barnes,harrisonbarnes,SAS,202412230PHI,2024-12-23 23:19:03.974626
jeremy sochan,jeremysochan,SAS,202412230PHI,2024-12-23 23:19:03.974626
victor wembanyama,victorwembanyama,SAS,202412230PHI,2024-12-23 23:19:03.974626
trae young,traeyoung,ATL,202412230ATL,2024-12-23 23:19:03.974626
dyson daniels,dysondaniels,ATL,202412230ATL,2024-12-23 23:19:03.974626
zaccharie risacher,zaccharierisacher,ATL,202412230ATL,2024-12-23 23:19:03.974626
jalen johnson,jalenjohnson,ATL,202412230ATL,2024-12-23 23:19:03.974626
clint capela,clintcapela,ATL,202412230ATL,2024-12-23 23:19:03.974626
mike conley,mikeconley,MIN,202412230ATL,2024-12-23 23:19:03.974626
anthony edwards,anthonyedwards,MIN,202412230ATL,2024-12-23 23:19:03.974626
jaden mcdaniels,jadenmcdaniels,MIN,202412230ATL,2024-12-23 23:19:03.974626
julius randle,juliusrandle,MIN,202412230ATL,2024-12-23 23:19:03.974626
rudy gobert,rudygobert,MIN,202412230ATL,2024-12-23 23:19:03.974626
tyler herro,tylerherro,MIA,202412230MIA,2024-12-23 23:19:03.974626
duncan robinson,duncanrobinson,MIA,202412230MIA,2024-12-23 23:19:03.974626
jaime jaquez,jaimejaquez,MIA,202412230MIA,2024-12-23 23:19:03.974626
nikola jovic,nikolajovic,MIA,202412230MIA,2024-12-23 23:19:03.974626
bam adebayo,bamadebayo,MIA,202412230MIA,2024-12-23 23:19:03.974626
ben simmons,bensimmons,BRK,202412230MIA,2024-12-23 23:19:03.974626
keon johnson,keonjohnson,BRK,202412230MIA,2024-12-23 23:19:03.974626
cameron johnson,cameronjohnson,BRK,202412230MIA,2024-12-23 23:19:03.974626
noah clowney,noahclowney,BRK,202412230MIA,2024-12-23 23:19:03.974626
nic claxton,nicclaxton,BRK,202412230MIA,2024-12-23 23:19:03.974626
jalen brunson,jalenbrunson,NYK,202412230NYK,2024-12-23 23:19:03.974626
mikal bridges,mikalbridges,NYK,202412230NYK,2024-12-23 23:19:03.974626
josh hart,joshhart,NYK,202412230NYK,2024-12-23 23:19:03.974626
og anunoby,oganunoby,NYK,202412230NYK,2024-12-23 23:19:03.974626
karl anthony towns,karlanthonytowns,NYK,202412230NYK,2024-12-23 23:19:03.974626
scottie barnes,scottiebarnes,TOR,202412230NYK,2024-12-23 23:19:03.974626
gradey dick,gradeydick,TOR,202412230NYK,2024-12-23 23:19:03.974626
rj barrett,rjbarrett,TOR,202412230NYK,2024-12-23 23:19:03.974626
ochai agbaji,ochaiagbaji,TOR,202412230NYK,2024-12-23 23:19:03.974626
jonathan mogbo,jonathanmogbo,TOR,202412230NYK,2024-12-23 23:19:03.974626
josh giddey,joshgiddey,CHI,202412230CHI,2024-12-23 23:19:03.974626
coby white,cobywhite,CHI,202412230CHI,2024-12-23 23:19:03.974626
zach lavine,zachlavine,CHI,202412230CHI,2024-12-23 23:19:03.974626
patrick williams,patrickwilliams,CHI,202412230CHI,2024-12-23 23:19:03.974626
nikola vucevic,nikolavucevic,CHI,202412230CHI,2024-12-23 23:19:03.974626
ryan rollins,ryanrollins,MIL,202412230CHI,2024-12-23 23:19:03.974626
khris middleton,khrismiddleton,MIL,202412230CHI,2024-12-23 23:19:03.974626
andre jackson,andrejackson,MIL,202412230CHI,2024-12-23 23:19:03.974626
bobby portis,bobbyportis,MIL,202412230CHI,2024-12-23 23:19:03.974626
brook lopez,brooklopez,MIL,202412230CHI,2024-12-23 23:19:03.974626
ja morant,jamorant,MEM,202412230MEM,2024-12-23 23:19:03.974626
desmond bane,desmondbane,MEM,202412230MEM,2024-12-23 23:19:03.974626
jaylen wells,jaylenwells,MEM,202412230MEM,2024-12-23 23:19:03.974626
jaren jackson,jarenjackson,MEM,202412230MEM,2024-12-23 23:19:03.974626
zach edey,zachedey,MEM,202412230MEM,2024-12-23 23:19:03.974626
james harden,jamesharden,LAC,202412230MEM,2024-12-23 23:19:03.974626
kris dunn,krisdunn,LAC,202412230MEM,2024-12-23 23:19:03.974626
norman powell,normanpowell,LAC,202412230MEM,2024-12-23 23:19:03.974626
derrick jones,derrickjones,LAC,202412230MEM,2024-12-23 23:19:03.974626
ivica zubac,ivicazubac,LAC,202412230MEM,2024-12-23 23:19:03.974626
shai gilgeous alexander,shaigilgeousalexander,OKC,202412230OKC,2024-12-23 23:19:03.974626
cason wallace,casonwallace,OKC,202412230OKC,2024-12-23 23:19:03.974626
luguentz dort,luguentzdort,OKC,202412230OKC,2024-12-23 23:19:03.974626
jalen williams,jalenwilliams,OKC,202412230OKC,2024-12-23 23:19:03.974626
isaiah hartenstein,isaiahhartenstein,OKC,202412230OKC,2024-12-23 23:19:03.974626
jordan poole,jordanpoole,WAS,202412230OKC,2024-12-23 23:19:03.974626
malcolm brogdon,malcolmbrogdon,WAS,202412230OKC,2024-12-23 23:19:03.974626
corey kispert,coreykispert,WAS,202412230OKC,2024-12-23 23:19:03.974626
justin champagnie,justinchampagnie,WAS,202412230OKC,2024-12-23 23:19:03.974626
alexandre sarr,alexandresarr,WAS,202412230OKC,2024-12-23 23:19:03.974626
luka doncic,lukadoncic,DAL,202412230DAL,2024-12-23 23:19:03.974626
kyrie irving,kyrieirving,DAL,202412230DAL,2024-12-23 23:19:03.974626
klay thompson,klaythompson,DAL,202412230DAL,2024-12-23 23:19:03.974626
pj washington,pjwashington,DAL,202412230DAL,2024-12-23 23:19:03.974626
dereck lively,derecklively,DAL,202412230DAL,2024-12-23 23:19:03.974626
anfernee simons,anferneesimons,POR,202412230DAL,2024-12-23 23:19:03.974626
shaedon sharpe,shaedonsharpe,POR,202412230DAL,2024-12-23 23:19:03.974626
toumani camara,toumanicamara,POR,202412230DAL,2024-12-23 23:19:03.974626
jerami grant,jeramigrant,POR,202412230DAL,2024-12-23 23:19:03.974626
deandre ayton,deandreayton,POR,202412230DAL,2024-12-23 23:19:03.974626
russell westbrook,russellwestbrook,DEN,202412230DEN,2024-12-24 02:50:08.599390
christian braun,christianbraun,DEN,202412230DEN,2024-12-24 02:50:08.599390
michael porter,michaelporter,DEN,202412230DEN,2024-12-24 02:50:08.599390
aaron gordon,aarongordon,DEN,202412230DEN,2024-12-24 02:50:08.599390
nikola jokic,nikolajokic,DEN,202412230DEN,2024-12-24 02:50:08.599390
tyus jones,tyusjones,PHO,202412230DEN,2024-12-24 02:50:08.599390
bradley beal,bradleybeal,PHO,202412230DEN,2024-12-24 02:50:08.599390
royce oneale,royceoneale,PHO,202412230DEN,2024-12-24 02:50:08.599390
kevin durant,kevindurant,PHO,202412230DEN,2024-12-24 02:50:08.599390
jusuf nurkic,jusufnurkic,PHO,202412230DEN,2024-12-24 02:50:08.599390
stephen curry,stephencurry,GSW,202412230GSW,2024-12-24 02:50:08.599390
dennis schroder,dennisschroder,GSW,202412230GSW,2024-12-24 02:50:08.599390
andrew wiggins,andrewwiggins,GSW,202412230GSW,2024-12-24 02:50:08.599390
draymond green,draymondgreen,GSW,202412230GSW,2024-12-24 02:50:08.599390
trayce jackson davis,traycejacksondavis,GSW,202412230GSW,2024-12-24 02:50:08.599390
tyrese haliburton,tyresehaliburton,IND,202412230GSW,2024-12-24 02:50:08.599390
andrew nembhard,andrewnembhard,IND,202412230GSW,2024-12-24 02:50:08.599390
bennedict mathurin,bennedictmathurin,IND,202412230GSW,2024-12-24 02:50:08.599390
pascal siakam,pascalsiakam,IND,202412230GSW,2024-12-24 02:50:08.599390
myles turner,mylesturner,IND,202412230GSW,2024-12-24 02:50:08.599390
austin reaves,austinreaves,LAL,202412230LAL,2024-12-24 02:50:08.599390
max christie,maxchristie,LAL,202412230LAL,2024-12-24 02:50:08.599390
rui hachimura,ruihachimura,LAL,202412230LAL,2024-12-24 02:50:08.599390
lebron james,lebronjames,LAL,202412230LAL,2024-12-24 02:50:08.599390
anthony davis,anthonydavis,LAL,202412230LAL,2024-12-24 02:50:08.599390
cade cunningham,cadecunningham,DET,202412230LAL,2024-12-24 02:50:08.599390
jaden ivey,jadenivey,DET,202412230LAL,2024-12-24 02:50:08.599390
tim hardaway,timhardaway,DET,202412230LAL,2024-12-24 02:50:08.599390
tobias harris,tobiasharris,DET,202412230LAL,2024-12-24 02:50:08.599390
jalen duren,jalenduren,DET,202412230LAL,2024-12-24 02:50:08.599390
jrue holiday,jrueholiday,BOS,202412250BOS,2024-12-25 20:25:08.968830
derrick white,derrickwhite,BOS,202412250BOS,2024-12-25 20:25:08.968830
jaylen brown,jaylenbrown,BOS,202412250BOS,2024-12-25 20:25:08.968830
jayson tatum,jaysontatum,BOS,202412250BOS,2024-12-25 20:25:08.968830
kristaps porzingis,kristapsporzingis,BOS,202412250BOS,2024-12-25 20:25:08.968830
tyrese maxey,tyresemaxey,PHI,202412250BOS,2024-12-25 20:25:08.968830
kelly oubre,kellyoubre,PHI,202412250BOS,2024-12-25 20:25:08.968830
paul george,paulgeorge,PHI,202412250BOS,2024-12-25 20:25:08.968830
caleb martin,calebmartin,PHI,202412250BOS,2024-12-25 20:25:08.968830
joel embiid,joelembiid,PHI,202412250BOS,2024-12-25 20:25:08.968830
stephen curry,stephencurry,GSW,202412250GSW,2024-12-25 23:18:46.001559
dennis schroder,dennisschroder,GSW,202412250GSW,2024-12-25 23:18:46.001559
andrew wiggins,andrewwiggins,GSW,202412250GSW,2024-12-25 23:18:46.001559
draymond green,draymondgreen,GSW,202412250GSW,2024-12-25 23:18:46.001559
trayce jackson davis,traycejacksondavis,GSW,202412250GSW,2024-12-25 23:18:46.001559
austin reaves,austinreaves,LAL,202412250GSW,2024-12-25 23:18:46.001559
max christie,maxchristie,LAL,202412250GSW,2024-12-25 23:18:46.001559
rui hachimura,ruihachimura,LAL,202412250GSW,2024-12-25 23:18:46.001559
lebron james,lebronjames,LAL,202412250GSW,2024-12-25 23:18:46.001559
anthony davis,anthonydavis,LAL,202412250GSW,2024-12-25 23:18:46.001559
tyus jones,tyusjones,PHO,202412250PHO,2024-12-26 02:52:12.523103
bradley beal,bradleybeal,PHO,202412250PHO,2024-12-26 02:52:12.523103
royce oneale,royceoneale,PHO,202412250PHO,2024-12-26 02:52:12.523103
kevin durant,kevindurant,PHO,202412250PHO,2024-12-26 02:52:12.523103
jusuf nurkic,jusufnurkic,PHO,202412250PHO,2024-12-26 02:52:12.523103
jamal murray,jamalmurray,DEN,202412250PHO,2024-12-26 02:52:12.523103
christian braun,christianbraun,DEN,202412250PHO,2024-12-26 02:52:12.523103
michael porter,michaelporter,DEN,202412250PHO,2024-12-26 02:52:12.523103
aaron gordon,aarongordon,DEN,202412250PHO,2024-12-26 02:52:12.523103
nikola jokic,nikolajokic,DEN,202412250PHO,2024-12-26 02:52:12.523103
tyrese haliburton,tyresehaliburton,IND,202412260IND,2024-12-26 23:22:21.852136
andrew nembhard,andrewnembhard,IND,202412260IND,2024-12-26 23:22:21.852136
bennedict mathurin,bennedictmathurin,IND,202412260IND,2024-12-26 23:22:21.852136
pascal siakam,pascalsiakam,IND,202412260IND,2024-12-26 23:22:21.852136
myles turner,mylesturner,IND,202412260IND,2024-12-26 23:22:21.852136
shai gilgeous alexander,shaigilgeousalexander,OKC,202412260IND,2024-12-26 23:22:21.852136
isaiah joe,isaiahjoe,OKC,202412260IND,2024-12-26 23:22:21.852136
luguentz dort,luguentzdort,OKC,202412260IND,2024-12-26 23:22:21.852136
jalen williams,jalenwilliams,OKC,202412260IND,2024-12-26 23:22:21.852136
isaiah hartenstein,isaiahhartenstein,OKC,202412260IND,2024-12-26 23:22:21.852136
jalen suggs,jalensuggs,ORL,202412260ORL,2024-12-26 23:22:21.852136
trevelin queen,trevelinqueen,ORL,202412260ORL,2024-12-26 23:22:21.852136
kentavious caldwell pope,kentaviouscaldwellpope,ORL,202412260ORL,2024-12-26 23:22:21.852136
tristan da silva,tristandasilva,ORL,202412260ORL,2024-12-26 23:22:21.852136
goga bitadze,gogabitadze,ORL,202412260ORL,2024-12-26 23:22:21.852136
tyler herro,tylerherro,MIA,202412260ORL,2024-12-26 23:22:21.852136
duncan robinson,duncanrobinson,MIA,202412260ORL,2024-12-26 23:22:21.852136
jaime jaquez,jaimejaquez,MIA,202412260ORL,2024-12-26 23:22:21.852136
haywood highsmith,haywoodhighsmith,MIA,202412260ORL,2024-12-26 23:22:21.852136
bam adebayo,bamadebayo,MIA,202412260ORL,2024-12-26 23:22:21.852136
jordan poole,jordanpoole,WAS,202412260WAS,2024-12-26 23:22:21.852136
malcolm brogdon,malcolmbrogdon,WAS,202412260WAS,2024-12-26 23:22:21.852136
bilal coulibaly,bilalcoulibaly,WAS,202412260WAS,2024-12-26 23:22:21.852136
justin champagnie,justinchampagnie,WAS,202412260WAS,2024-12-26 23:22:21.852136
alexandre sarr,alexandresarr,WAS,202412260WAS,2024-12-26 23:22:21.852136
lamelo ball,lameloball,CHO,202412260WAS,2024-12-26 23:22:21.852136
brandon miller,brandonmiller,CHO,202412260WAS,2024-12-26 23:22:21.852136
josh green,joshgreen,CHO,202412260WAS,2024-12-26 23:22:21.852136
miles bridges,milesbridges,CHO,202412260WAS,2024-12-26 23:22:21.852136
mark williams,markwilliams,CHO,202412260WAS,2024-12-26 23:22:21.852136
trae young,traeyoung,ATL,202412260ATL,2024-12-26 23:22:21.852136
dyson daniels,dysondaniels,ATL,202412260ATL,2024-12-26 23:22:21.852136
zaccharie risacher,zaccharierisacher,ATL,202412260ATL,2024-12-26 23:22:21.852136
jalen johnson,jalenjohnson,ATL,202412260ATL,2024-12-26 23:22:21.852136
clint capela,clintcapela,ATL,202412260ATL,2024-12-26 23:22:21.852136
coby white,cobywhite,CHI,202412260ATL,2024-12-26 23:22:21.852136
zach lavine,zachlavine,CHI,202412260ATL,2024-12-26 23:22:21.852136
dalen terry,dalenterry,CHI,202412260ATL,2024-12-26 23:22:21.852136
patrick williams,patrickwilliams,CHI,202412260ATL,2024-12-26 23:22:21.852136
nikola vucevic,nikolavucevic,CHI,202412260ATL,2024-12-26 23:22:21.852136
ja morant,jamorant,MEM,202412260MEM,2024-12-26 23:22:21.852136
desmond bane,desmondbane,MEM,202412260MEM,2024-12-26 23:22:21.852136
jaylen wells,jaylenwells,MEM,202412260MEM,2024-12-26 23:22:21.852136
jaren jackson,jarenjackson,MEM,202412260MEM,2024-12-26 23:22:21.852136
zach edey,zachedey,MEM,202412260MEM,2024-12-26 23:22:21.852136
scottie barnes,scottiebarnes,TOR,202412260MEM,2024-12-26 23:22:21.852136
gradey dick,gradeydick,TOR,202412260MEM,2024-12-26 23:22:21.852136
rj barrett,rjbarrett,TOR,202412260MEM,2024-12-26 23:22:21.852136
ochai agbaji,ochaiagbaji,TOR,202412260MEM,2024-12-26 23:22:21.852136
jonathan mogbo,jonathanmogbo,TOR,202412260MEM,2024-12-26 23:22:21.852136
damian lillard,damianlillard,MIL,202412260MIL,2024-12-26 23:22:21.852136
khris middleton,khrismiddleton,MIL,202412260MIL,2024-12-26 23:22:21.852136
andre jackson,andrejackson,MIL,202412260MIL,2024-12-26 23:22:21.852136
giannis antetokounmpo,giannisantetokounmpo,MIL,202412260MIL,2024-12-26 23:22:21.852136
brook lopez,brooklopez,MIL,202412260MIL,2024-12-26 23:22:21.852136
ben simmons,bensimmons,BRK,202412260MIL,2024-12-26 23:22:21.852136
keon johnson,keonjohnson,BRK,202412260MIL,2024-12-26 23:22:21.852136
cameron johnson,cameronjohnson,BRK,202412260MIL,2024-12-26 23:22:21.852136
dorian finney smith,dorianfinneysmith,BRK,202412260MIL,2024-12-26 23:22:21.852136
nic claxton,nicclaxton,BRK,202412260MIL,2024-12-26 23:22:21.852136
dejounte murray,dejountemurray,NOP,202412260NOP,2024-12-26 23:22:21.852136
cj mccollum,cjmccollum,NOP,202412260NOP,2024-12-26 23:22:21.852136
trey murphy,treymurphy,NOP,202412260NOP,2024-12-26 23:22:21.852136
herbert jones,herbertjones,NOP,202412260NOP,2024-12-26 23:22:21.852136
yves missi,yvesmissi,NOP,202412260NOP,2024-12-26 23:22:21.852136
fred vanvleet,fredvanvleet,HOU,202412260NOP,2024-12-26 23:22:21.852136
jalen green,jalengreen,HOU,202412260NOP,2024-12-26 23:22:21.852136
amen thompson,amenthompson,HOU,202412260NOP,2024-12-26 23:22:21.852136
jabari smith,jabarismith,HOU,202412260NOP,2024-12-26 23:22:21.852136
alperen sengun,alperensengun,HOU,202412260NOP,2024-12-26 23:22:21.852136
anfernee simons,anferneesimons,POR,202412260POR,2024-12-27 02:54:21.147511
shaedon sharpe,shaedonsharpe,POR,202412260POR,2024-12-27 02:54:21.147511
toumani camara,toumanicamara,POR,202412260POR,2024-12-27 02:54:21.147511
jerami grant,jeramigrant,POR,202412260POR,2024-12-27 02:54:21.147511
deandre ayton,deandreayton,POR,202412260POR,2024-12-27 02:54:21.147511
collin sexton,collinsexton,UTA,202412260POR,2024-12-27 02:54:21.147511
isaiah collier,isaiahcollier,UTA,202412260POR,2024-12-27 02:54:21.147511
svi mykhailiuk,svimykhailiuk,UTA,202412260POR,2024-12-27 02:54:21.147511
lauri markkanen,laurimarkkanen,UTA,202412260POR,2024-12-27 02:54:21.147511
walker kessler,walkerkessler,UTA,202412260POR,2024-12-27 02:54:21.147511
deaaron fox,deaaronfox,SAC,202412260SAC,2024-12-27 02:54:21.147511
malik monk,malikmonk,SAC,202412260SAC,2024-12-27 02:54:21.147511
demar derozan,demarderozan,SAC,202412260SAC,2024-12-27 02:54:21.147511
keegan murray,keeganmurray,SAC,202412260SAC,2024-12-27 02:54:21.147511
alex len,alexlen,SAC,202412260SAC,2024-12-27 02:54:21.147511
cade cunningham,cadecunningham,DET,202412260SAC,2024-12-27 02:54:21.147511
jaden ivey,jadenivey,DET,202412260SAC,2024-12-27 02:54:21.147511
tim hardaway,timhardaway,DET,202412260SAC,2024-12-27 02:54:21.147511
tobias harris,tobiasharris,DET,202412260SAC,2024-12-27 02:54:21.147511
jalen duren,jalenduren,DET,202412260SAC,2024-12-27 02:54:21.147511
jalen suggs,jalensuggs,ORL,202412270ORL,2024-12-27 23:22:29.790647
trevelin queen,trevelinqueen,ORL,202412270ORL,2024-12-27 23:22:29.790647
kentavious caldwell pope,kentaviouscaldwellpope,ORL,202412270ORL,2024-12-27 23:22:29.790647
tristan da silva,tristandasilva,ORL,202412270ORL,2024-12-27 23:22:29.790647
goga bitadze,gogabitadze,ORL,202412270ORL,2024-12-27 23:22:29.790647
jalen brunson,jalenbrunson,NYK,202412270ORL,2024-12-27 23:22:29.790647
mikal bridges,mikalbridges,NYK,202412270ORL,2024-12-27 23:22:29.790647
josh hart,joshhart,NYK,202412270ORL,2024-12-27 23:22:29.790647
og anunoby,oganunoby,NYK,202412270ORL,2024-12-27 23:22:29.790647
karl anthony towns,karlanthonytowns,NYK,202412270ORL,2024-12-27 23:22:29.790647
derrick white,derrickwhite,BOS,202412270BOS,2024-12-27 23:22:29.790647
jaylen brown,jaylenbrown,BOS,202412270BOS,2024-12-27 23:22:29.790647
sam hauser,samhauser,BOS,202412270BOS,2024-12-27 23:22:29.790647
jayson tatum,jaysontatum,BOS,202412270BOS,2024-12-27 23:22:29.790647
al horford,alhorford,BOS,202412270BOS,2024-12-27 23:22:29.790647
tyrese haliburton,tyresehaliburton,IND,202412270BOS,2024-12-27 23:22:29.790647
ben sheppard,bensheppard,IND,202412270BOS,2024-12-27 23:22:29.790647
bennedict mathurin,bennedictmathurin,IND,202412270BOS,2024-12-27 23:22:29.790647
pascal siakam,pascalsiakam,IND,202412270BOS,2024-12-27 23:22:29.790647
myles turner,mylesturner,IND,202412270BOS,2024-12-27 23:22:29.790647
shake milton,shakemilton,BRK,202412270BRK,2024-12-27 23:22:29.790647
keon johnson,keonjohnson,BRK,202412270BRK,2024-12-27 23:22:29.790647
jalen wilson,jalenwilson,BRK,202412270BRK,2024-12-27 23:22:29.790647
dorian finney smith,dorianfinneysmith,BRK,202412270BRK,2024-12-27 23:22:29.790647
nic claxton,nicclaxton,BRK,202412270BRK,2024-12-27 23:22:29.790647
chris paul,chrispaul,SAS,202412270BRK,2024-12-27 23:22:29.790647
devin vassell,devinvassell,SAS,202412270BRK,2024-12-27 23:22:29.790647
harrison barnes,harrisonbarnes,SAS,202412270BRK,2024-12-27 23:22:29.790647
jeremy sochan,jeremysochan,SAS,202412270BRK,2024-12-27 23:22:29.790647
victor wembanyama,victorwembanyama,SAS,202412270BRK,2024-12-27 23:22:29.790647
fred vanvleet,fredvanvleet,HOU,202412270HOU,2024-12-27 23:22:29.790647
jalen green,jalengreen,HOU,202412270HOU,2024-12-27 23:22:29.790647
amen thompson,amenthompson,HOU,202412270HOU,2024-12-27 23:22:29.790647
jabari smith,jabarismith,HOU,202412270HOU,2024-12-27 23:22:29.790647
alperen sengun,alperensengun,HOU,202412270HOU,2024-12-27 23:22:29.790647
mike conley,mikeconley,MIN,202412270HOU,2024-12-27 23:22:29.790647
anthony edwards,anthonyedwards,MIN,202412270HOU,2024-12-27 23:22:29.790647
jaden mcdaniels,jadenmcdaniels,MIN,202412270HOU,2024-12-27 23:22:29.790647
julius randle,juliusrandle,MIN,202412270HOU,2024-12-27 23:22:29.790647
rudy gobert,rudygobert,MIN,202412270HOU,2024-12-27 23:22:29.790647
dejounte murray,dejountemurray,NOP,202412270NOP,2024-12-27 23:22:29.790647
cj mccollum,cjmccollum,NOP,202412270NOP,2024-12-27 23:22:29.790647
trey murphy,treymurphy,NOP,202412270NOP,2024-12-27 23:22:29.790647
herbert jones,herbertjones,NOP,202412270NOP,2024-12-27 23:22:29.790647
yves missi,yvesmissi,NOP,202412270NOP,2024-12-27 23:22:29.790647
ja morant,jamorant,MEM,202412270NOP,2024-12-27 23:22:29.790647
desmond bane,desmondbane,MEM,202412270NOP,2024-12-27 23:22:29.790647
jaylen wells,jaylenwells,MEM,202412270NOP,2024-12-27 23:22:29.790647
jaren jackson,jarenjackson,MEM,202412270NOP,2024-12-27 23:22:29.790647
zach edey,zachedey,MEM,202412270NOP,2024-12-27 23:22:29.790647
jamal murray,jamalmurray,DEN,202412270DEN,2024-12-27 23:22:29.790647
christian braun,christianbraun,DEN,202412270DEN,2024-12-27 23:22:29.790647
michael porter,michaelporter,DEN,202412270DEN,2024-12-27 23:22:29.790647
peyton watson,peytonwatson,DEN,202412270DEN,2024-12-27 23:22:29.790647
nikola jokic,nikolajokic,DEN,202412270DEN,2024-12-27 23:22:29.790647
darius garland,dariusgarland,CLE,202412270DEN,2024-12-27 23:22:29.790647
donovan mitchell,donovanmitchell,CLE,202412270DEN,2024-12-27 23:22:29.790647
dean wade,deanwade,CLE,202412270DEN,2024-12-27 23:22:29.790647
evan mobley,evanmobley,CLE,202412270DEN,2024-12-27 23:22:29.790647
jarrett allen,jarrettallen,CLE,202412270DEN,2024-12-27 23:22:29.790647
tyus jones,tyusjones,PHO,202412270PHO,2024-12-27 23:22:29.790647
bradley beal,bradleybeal,PHO,202412270PHO,2024-12-27 23:22:29.790647
ryan dunn,ryandunn,PHO,202412270PHO,2024-12-27 23:22:29.790647
kevin durant,kevindurant,PHO,202412270PHO,2024-12-27 23:22:29.790647
jusuf nurkic,jusufnurkic,PHO,202412270PHO,2024-12-27 23:22:29.790647
kyrie irving,kyrieirving,DAL,202412270PHO,2024-12-27 23:22:29.790647
quentin grimes,quentingrimes,DAL,202412270PHO,2024-12-27 23:22:29.790647
klay thompson,klaythompson,DAL,202412270PHO,2024-12-27 23:22:29.790647
pj washington,pjwashington,DAL,202412270PHO,2024-12-27 23:22:29.790647
dereck lively,derecklively,DAL,202412270PHO,2024-12-27 23:22:29.790647
james harden,jamesharden,LAC,202412270LAC,2024-12-28 02:50:25.412088
kris dunn,krisdunn,LAC,202412270LAC,2024-12-28 02:50:25.412088
norman powell,normanpowell,LAC,202412270LAC,2024-12-28 02:50:25.412088
derrick jones,derrickjones,LAC,202412270LAC,2024-12-28 02:50:25.412088
ivica zubac,ivicazubac,LAC,202412270LAC,2024-12-28 02:50:25.412088
dennis schroder,dennisschroder,GSW,202412270LAC,2024-12-28 02:50:25.412088
buddy hield,buddyhield,GSW,202412270LAC,2024-12-28 02:50:25.412088
andrew wiggins,andrewwiggins,GSW,202412270LAC,2024-12-28 02:50:25.412088
kyle anderson,kyleanderson,GSW,202412270LAC,2024-12-28 02:50:25.412088
trayce jackson davis,traycejacksondavis,GSW,202412270LAC,2024-12-28 02:50:25.412088
trae young,traeyoung,ATL,202412280ATL,2024-12-28 17:20:50.888641
dyson daniels,dysondaniels,ATL,202412280ATL,2024-12-28 17:20:50.888641
zaccharie risacher,zaccharierisacher,ATL,202412280ATL,2024-12-28 17:20:50.888641
jalen johnson,jalenjohnson,ATL,202412280ATL,2024-12-28 17:20:50.888641
clint capela,clintcapela,ATL,202412280ATL,2024-12-28 17:20:50.888641
tyler herro,tylerherro,MIA,202412280ATL,2024-12-28 17:20:50.888641
duncan robinson,duncanrobinson,MIA,202412280ATL,2024-12-28 17:20:50.888641
jaime jaquez,jaimejaquez,MIA,202412280ATL,2024-12-28 17:20:50.888641
haywood highsmith,haywoodhighsmith,MIA,202412280ATL,2024-12-28 17:20:50.888641
bam adebayo,bamadebayo,MIA,202412280ATL,2024-12-28 17:20:50.888641
lamelo ball,lameloball,CHO,202412280CHO,2024-12-28 20:21:27.085082
brandon miller,brandonmiller,CHO,202412280CHO,2024-12-28 20:21:27.085082
josh green,joshgreen,CHO,202412280CHO,2024-12-28 20:21:27.085082
miles bridges,milesbridges,CHO,202412280CHO,2024-12-28 20:21:27.085082
mark williams,markwilliams,CHO,202412280CHO,2024-12-28 20:21:27.085082
shai gilgeous alexander,shaigilgeousalexander,OKC,202412280CHO,2024-12-28 20:21:27.085082
isaiah joe,isaiahjoe,OKC,202412280CHO,2024-12-28 20:21:27.085082
aaron wiggins,aaronwiggins,OKC,202412280CHO,2024-12-28 20:21:27.085082
jalen williams,jalenwilliams,OKC,202412280CHO,2024-12-28 20:21:27.085082
isaiah hartenstein,isaiahhartenstein,OKC,202412280CHO,2024-12-28 20:21:27.085082
malcolm brogdon,malcolmbrogdon,WAS,202412280WAS,2024-12-28 23:22:32.086299
carlton carrington,carltoncarrington,WAS,202412280WAS,2024-12-28 23:22:32.086299
bilal coulibaly,bilalcoulibaly,WAS,202412280WAS,2024-12-28 23:22:32.086299
justin champagnie,justinchampagnie,WAS,202412280WAS,2024-12-28 23:22:32.086299
alexandre sarr,alexandresarr,WAS,202412280WAS,2024-12-28 23:22:32.086299
jalen brunson,jalenbrunson,NYK,202412280WAS,2024-12-28 23:22:32.086299
mikal bridges,mikalbridges,NYK,202412280WAS,2024-12-28 23:22:32.086299
josh hart,joshhart,NYK,202412280WAS,2024-12-28 23:22:32.086299
og anunoby,oganunoby,NYK,202412280WAS,2024-12-28 23:22:32.086299
karl anthony towns,karlanthonytowns,NYK,202412280WAS,2024-12-28 23:22:32.086299
josh giddey,joshgiddey,CHI,202412280CHI,2024-12-28 23:22:32.086299
coby white,cobywhite,CHI,202412280CHI,2024-12-28 23:22:32.086299
zach lavine,zachlavine,CHI,202412280CHI,2024-12-28 23:22:32.086299
patrick williams,patrickwilliams,CHI,202412280CHI,2024-12-28 23:22:32.086299
nikola vucevic,nikolavucevic,CHI,202412280CHI,2024-12-28 23:22:32.086299
damian lillard,damianlillard,MIL,202412280CHI,2024-12-28 23:22:32.086299
khris middleton,khrismiddleton,MIL,202412280CHI,2024-12-28 23:22:32.086299
andre jackson,andrejackson,MIL,202412280CHI,2024-12-28 23:22:32.086299
bobby portis,bobbyportis,MIL,202412280CHI,2024-12-28 23:22:32.086299
brook lopez,brooklopez,MIL,202412280CHI,2024-12-28 23:22:32.086299
stephen curry,stephencurry,GSW,202412280GSW,2024-12-28 23:22:32.086299
dennis schroder,dennisschroder,GSW,202412280GSW,2024-12-28 23:22:32.086299
andrew wiggins,andrewwiggins,GSW,202412280GSW,2024-12-28 23:22:32.086299
draymond green,draymondgreen,GSW,202412280GSW,2024-12-28 23:22:32.086299
trayce jackson davis,traycejacksondavis,GSW,202412280GSW,2024-12-28 23:22:32.086299
tyus jones,tyusjones,PHO,202412280GSW,2024-12-28 23:22:32.086299
bradley beal,bradleybeal,PHO,202412280GSW,2024-12-28 23:22:32.086299
ryan dunn,ryandunn,PHO,202412280GSW,2024-12-28 23:22:32.086299
kevin durant,kevindurant,PHO,202412280GSW,2024-12-28 23:22:32.086299
mason plumlee,masonplumlee,PHO,202412280GSW,2024-12-28 23:22:32.086299
russell westbrook,russellwestbrook,DEN,202412280DEN,2024-12-28 23:22:32.086299
jamal murray,jamalmurray,DEN,202412280DEN,2024-12-28 23:22:32.086299
christian braun,christianbraun,DEN,202412280DEN,2024-12-28 23:22:32.086299
michael porter,michaelporter,DEN,202412280DEN,2024-12-28 23:22:32.086299
nikola jokic,nikolajokic,DEN,202412280DEN,2024-12-28 23:22:32.086299
cade cunningham,cadecunningham,DET,202412280DEN,2024-12-28 23:22:32.086299
jaden ivey,jadenivey,DET,202412280DEN,2024-12-28 23:22:32.086299
tim hardaway,timhardaway,DET,202412280DEN,2024-12-28 23:22:32.086299
tobias harris,tobiasharris,DET,202412280DEN,2024-12-28 23:22:32.086299
jalen duren,jalenduren,DET,202412280DEN,2024-12-28 23:22:32.086299
collin sexton,collinsexton,UTA,202412280UTA,2024-12-28 23:22:32.086299
jordan clarkson,jordanclarkson,UTA,202412280UTA,2024-12-28 23:22:32.086299
lauri markkanen,laurimarkkanen,UTA,202412280UTA,2024-12-28 23:22:32.086299
john collins,johncollins,UTA,202412280UTA,2024-12-28 23:22:32.086299
walker kessler,walkerkessler,UTA,202412280UTA,2024-12-28 23:22:32.086299
tyrese maxey,tyresemaxey,PHI,202412280UTA,2024-12-28 23:22:32.086299
kelly oubre,kellyoubre,PHI,202412280UTA,2024-12-28 23:22:32.086299
paul george,paulgeorge,PHI,202412280UTA,2024-12-28 23:22:32.086299
caleb martin,calebmartin,PHI,202412280UTA,2024-12-28 23:22:32.086299
joel embiid,joelembiid,PHI,202412280UTA,2024-12-28 23:22:32.086299
anfernee simons,anferneesimons,POR,202412280POR,2024-12-29 03:00:12.127963
shaedon sharpe,shaedonsharpe,POR,202412280POR,2024-12-29 03:00:12.127963
deni avdija,deniavdija,POR,202412280POR,2024-12-29 03:00:12.127963
jerami grant,jeramigrant,POR,202412280POR,2024-12-29 03:00:12.127963
deandre ayton,deandreayton,POR,202412280POR,2024-12-29 03:00:12.127963
kyrie irving,kyrieirving,DAL,202412280POR,2024-12-29 03:00:12.127963
spencer dinwiddie,spencerdinwiddie,DAL,202412280POR,2024-12-29 03:00:12.127963
klay thompson,klaythompson,DAL,202412280POR,2024-12-29 03:00:12.127963
maxi kleber,maxikleber,DAL,202412280POR,2024-12-29 03:00:12.127963
daniel gafford,danielgafford,DAL,202412280POR,2024-12-29 03:00:12.127963
austin reaves,austinreaves,LAL,202412280LAL,2024-12-29 03:00:12.127963
gabe vincent,gabevincent,LAL,202412280LAL,2024-12-29 03:00:12.127963
max christie,maxchristie,LAL,202412280LAL,2024-12-29 03:00:12.127963
rui hachimura,ruihachimura,LAL,202412280LAL,2024-12-29 03:00:12.127963
anthony davis,anthonydavis,LAL,202412280LAL,2024-12-29 03:00:12.127963
deaaron fox,deaaronfox,SAC,202412280LAL,2024-12-29 03:00:12.127963
malik monk,malikmonk,SAC,202412280LAL,2024-12-29 03:00:12.127963
demar derozan,demarderozan,SAC,202412280LAL,2024-12-29 03:00:12.127963
keegan murray,keeganmurray,SAC,202412280LAL,2024-12-29 03:00:12.127963
domantas sabonis,domantassabonis,SAC,202412280LAL,2024-12-29 03:00:12.127963
anthony black,anthonyblack,ORL,202412290ORL,2024-12-29 17:20:29.675075
jalen suggs,jalensuggs,ORL,202412290ORL,2024-12-29 17:20:29.675075
kentavious caldwell pope,kentaviouscaldwellpope,ORL,202412290ORL,2024-12-29 17:20:29.675075
tristan da silva,tristandasilva,ORL,202412290ORL,2024-12-29 17:20:29.675075
goga bitadze,gogabitadze,ORL,202412290ORL,2024-12-29 17:20:29.675075
ben simmons,bensimmons,BRK,202412290ORL,2024-12-29 17:20:29.675075
cam thomas,camthomas,BRK,202412290ORL,2024-12-29 17:20:29.675075
cameron johnson,cameronjohnson,BRK,202412290ORL,2024-12-29 17:20:29.675075
dorian finney smith,dorianfinneysmith,BRK,202412290ORL,2024-12-29 17:20:29.675075
nic claxton,nicclaxton,BRK,202412290ORL,2024-12-29 17:20:29.675075
jrue holiday,jrueholiday,BOS,202412290BOS,2024-12-29 20:23:27.796973
derrick white,derrickwhite,BOS,202412290BOS,2024-12-29 20:23:27.796973
jaylen brown,jaylenbrown,BOS,202412290BOS,2024-12-29 20:23:27.796973
jayson tatum,jaysontatum,BOS,202412290BOS,2024-12-29 20:23:27.796973
al horford,alhorford,BOS,202412290BOS,2024-12-29 20:23:27.796973
tyrese haliburton,tyresehaliburton,IND,202412290BOS,2024-12-29 20:23:27.796973
andrew nembhard,andrewnembhard,IND,202412290BOS,2024-12-29 20:23:27.796973
bennedict mathurin,bennedictmathurin,IND,202412290BOS,2024-12-29 20:23:27.796973
pascal siakam,pascalsiakam,IND,202412290BOS,2024-12-29 20:23:27.796973
myles turner,mylesturner,IND,202412290BOS,2024-12-29 20:23:27.796973
scottie barnes,scottiebarnes,TOR,202412290TOR,2024-12-29 20:23:27.796973
gradey dick,gradeydick,TOR,202412290TOR,2024-12-29 20:23:27.796973
rj barrett,rjbarrett,TOR,202412290TOR,2024-12-29 20:23:27.796973
ochai agbaji,ochaiagbaji,TOR,202412290TOR,2024-12-29 20:23:27.796973
jakob poeltl,jakobpoeltl,TOR,202412290TOR,2024-12-29 20:23:27.796973
trae young,traeyoung,ATL,202412290TOR,2024-12-29 20:23:27.796973
vit krejci,vitkrejci,ATL,202412290TOR,2024-12-29 20:23:27.796973
zaccharie risacher,zaccharierisacher,ATL,202412290TOR,2024-12-29 20:23:27.796973
jalen johnson,jalenjohnson,ATL,202412290TOR,2024-12-29 20:23:27.796973
clint capela,clintcapela,ATL,202412290TOR,2024-12-29 20:23:27.796973
fred vanvleet,fredvanvleet,HOU,202412290HOU,2024-12-29 23:22:30.313324
jalen green,jalengreen,HOU,202412290HOU,2024-12-29 23:22:30.313324
dillon brooks,dillonbrooks,HOU,202412290HOU,2024-12-29 23:22:30.313324
jabari smith,jabarismith,HOU,202412290HOU,2024-12-29 23:22:30.313324
alperen sengun,alperensengun,HOU,202412290HOU,2024-12-29 23:22:30.313324
tyler herro,tylerherro,MIA,202412290HOU,2024-12-29 23:22:30.313324
terry rozier,terryrozier,MIA,202412290HOU,2024-12-29 23:22:30.313324
jaime jaquez,jaimejaquez,MIA,202412290HOU,2024-12-29 23:22:30.313324
haywood highsmith,haywoodhighsmith,MIA,202412290HOU,2024-12-29 23:22:30.313324
bam adebayo,bamadebayo,MIA,202412290HOU,2024-12-29 23:22:30.313324
shai gilgeous alexander,shaigilgeousalexander,OKC,202412290OKC,2024-12-29 23:22:30.313324
cason wallace,casonwallace,OKC,202412290OKC,2024-12-29 23:22:30.313324
luguentz dort,luguentzdort,OKC,202412290OKC,2024-12-29 23:22:30.313324
jalen williams,jalenwilliams,OKC,202412290OKC,2024-12-29 23:22:30.313324
isaiah hartenstein,isaiahhartenstein,OKC,202412290OKC,2024-12-29 23:22:30.313324
scotty pippen,scottypippen,MEM,202412290OKC,2024-12-29 23:22:30.313324
desmond bane,desmondbane,MEM,202412290OKC,2024-12-29 23:22:30.313324
jaylen wells,jaylenwells,MEM,202412290OKC,2024-12-29 23:22:30.313324
jaren jackson,jarenjackson,MEM,202412290OKC,2024-12-29 23:22:30.313324
jay huff,jayhuff,MEM,202412290OKC,2024-12-29 23:22:30.313324
mike conley,mikeconley,MIN,202412290MIN,2024-12-29 23:22:30.313324
anthony edwards,anthonyedwards,MIN,202412290MIN,2024-12-29 23:22:30.313324
jaden mcdaniels,jadenmcdaniels,MIN,202412290MIN,2024-12-29 23:22:30.313324
julius randle,juliusrandle,MIN,202412290MIN,2024-12-29 23:22:30.313324
rudy gobert,rudygobert,MIN,202412290MIN,2024-12-29 23:22:30.313324
chris paul,chrispaul,SAS,202412290MIN,2024-12-29 23:22:30.313324
devin vassell,devinvassell,SAS,202412290MIN,2024-12-29 23:22:30.313324
harrison barnes,harrisonbarnes,SAS,202412290MIN,2024-12-29 23:22:30.313324
jeremy sochan,jeremysochan,SAS,202412290MIN,2024-12-29 23:22:30.313324
victor wembanyama,victorwembanyama,SAS,202412290MIN,2024-12-29 23:22:30.313324
vasilije micic,vasilijemicic,CHO,202412300CHO,2024-12-30 23:22:32.554552
seth curry,sethcurry,CHO,202412300CHO,2024-12-30 23:22:32.554552
josh green,joshgreen,CHO,202412300CHO,2024-12-30 23:22:32.554552
miles bridges,milesbridges,CHO,202412300CHO,2024-12-30 23:22:32.554552
mark williams,markwilliams,CHO,202412300CHO,2024-12-30 23:22:32.554552
josh giddey,joshgiddey,CHI,202412300CHO,2024-12-30 23:22:32.554552
coby white,cobywhite,CHI,202412300CHO,2024-12-30 23:22:32.554552
dalen terry,dalenterry,CHI,202412300CHO,2024-12-30 23:22:32.554552
patrick williams,patrickwilliams,CHI,202412300CHO,2024-12-30 23:22:32.554552
nikola vucevic,nikolavucevic,CHI,202412300CHO,2024-12-30 23:22:32.554552
malcolm brogdon,malcolmbrogdon,WAS,202412300WAS,2024-12-30 23:22:32.554552
carlton carrington,carltoncarrington,WAS,202412300WAS,2024-12-30 23:22:32.554552
bilal coulibaly,bilalcoulibaly,WAS,202412300WAS,2024-12-30 23:22:32.554552
kyle kuzma,kylekuzma,WAS,202412300WAS,2024-12-30 23:22:32.554552
alexandre sarr,alexandresarr,WAS,202412300WAS,2024-12-30 23:22:32.554552
jalen brunson,jalenbrunson,NYK,202412300WAS,2024-12-30 23:22:32.554552
mikal bridges,mikalbridges,NYK,202412300WAS,2024-12-30 23:22:32.554552
josh hart,joshhart,NYK,202412300WAS,2024-12-30 23:22:32.554552
og anunoby,oganunoby,NYK,202412300WAS,2024-12-30 23:22:32.554552
karl anthony towns,karlanthonytowns,NYK,202412300WAS,2024-12-30 23:22:32.554552
dejounte murray,dejountemurray,NOP,202412300NOP,2024-12-30 23:22:32.554552
cj mccollum,cjmccollum,NOP,202412300NOP,2024-12-30 23:22:32.554552
trey murphy,treymurphy,NOP,202412300NOP,2024-12-30 23:22:32.554552
herbert jones,herbertjones,NOP,202412300NOP,2024-12-30 23:22:32.554552
yves missi,yvesmissi,NOP,202412300NOP,2024-12-30 23:22:32.554552
james harden,jamesharden,LAC,202412300NOP,2024-12-30 23:22:32.554552
kris dunn,krisdunn,LAC,202412300NOP,2024-12-30 23:22:32.554552
norman powell,normanpowell,LAC,202412300NOP,2024-12-30 23:22:32.554552
derrick jones,derrickjones,LAC,202412300NOP,2024-12-30 23:22:32.554552
ivica zubac,ivicazubac,LAC,202412300NOP,2024-12-30 23:22:32.554552
keyonte george,keyontegeorge,UTA,202412300UTA,2024-12-30 23:22:32.554552
collin sexton,collinsexton,UTA,202412300UTA,2024-12-30 23:22:32.554552
lauri markkanen,laurimarkkanen,UTA,202412300UTA,2024-12-30 23:22:32.554552
cody williams,codywilliams,UTA,202412300UTA,2024-12-30 23:22:32.554552
walker kessler,walkerkessler,UTA,202412300UTA,2024-12-30 23:22:32.554552
russell westbrook,russellwestbrook,DEN,202412300UTA,2024-12-30 23:22:32.554552
jamal murray,jamalmurray,DEN,202412300UTA,2024-12-30 23:22:32.554552
christian braun,christianbraun,DEN,202412300UTA,2024-12-30 23:22:32.554552
michael porter,michaelporter,DEN,202412300UTA,2024-12-30 23:22:32.554552
nikola jokic,nikolajokic,DEN,202412300UTA,2024-12-30 23:22:32.554552
stephen curry,stephencurry,GSW,202412300GSW,2024-12-31 02:52:20.471855
dennis schroder,dennisschroder,GSW,202412300GSW,2024-12-31 02:52:20.471855
andrew wiggins,andrewwiggins,GSW,202412300GSW,2024-12-31 02:52:20.471855
draymond green,draymondgreen,GSW,202412300GSW,2024-12-31 02:52:20.471855
trayce jackson davis,traycejacksondavis,GSW,202412300GSW,2024-12-31 02:52:20.471855
darius garland,dariusgarland,CLE,202412300GSW,2024-12-31 02:52:20.471855
donovan mitchell,donovanmitchell,CLE,202412300GSW,2024-12-31 02:52:20.471855
dean wade,deanwade,CLE,202412300GSW,2024-12-31 02:52:20.471855
evan mobley,evanmobley,CLE,202412300GSW,2024-12-31 02:52:20.471855
jarrett allen,jarrettallen,CLE,202412300GSW,2024-12-31 02:52:20.471855
anfernee simons,anferneesimons,POR,202412300POR,2024-12-31 02:52:20.471855
shaedon sharpe,shaedonsharpe,POR,202412300POR,2024-12-31 02:52:20.471855
toumani camara,toumanicamara,POR,202412300POR,2024-12-31 02:52:20.471855
deni avdija,deniavdija,POR,202412300POR,2024-12-31 02:52:20.471855
deandre ayton,deandreayton,POR,202412300POR,2024-12-31 02:52:20.471855
tyrese maxey,tyresemaxey,PHI,202412300POR,2024-12-31 02:52:20.471855
kelly oubre,kellyoubre,PHI,202412300POR,2024-12-31 02:52:20.471855
paul george,paulgeorge,PHI,202412300POR,2024-12-31 02:52:20.471855
caleb martin,calebmartin,PHI,202412300POR,2024-12-31 02:52:20.471855
joel embiid,joelembiid,PHI,202412300POR,2024-12-31 02:52:20.471855
deaaron fox,deaaronfox,SAC,202412300SAC,2024-12-31 02:52:20.471855
malik monk,malikmonk,SAC,202412300SAC,2024-12-31 02:52:20.471855
demar derozan,demarderozan,SAC,202412300SAC,2024-12-31 02:52:20.471855
keegan murray,keeganmurray,SAC,202412300SAC,2024-12-31 02:52:20.471855
domantas sabonis,domantassabonis,SAC,202412300SAC,2024-12-31 02:52:20.471855
jaden hardy,jadenhardy,DAL,202412300SAC,2024-12-31 02:52:20.471855
spencer dinwiddie,spencerdinwiddie,DAL,202412300SAC,2024-12-31 02:52:20.471855
quentin grimes,quentingrimes,DAL,202412300SAC,2024-12-31 02:52:20.471855
pj washington,pjwashington,DAL,202412300SAC,2024-12-31 02:52:20.471855
daniel gafford,danielgafford,DAL,202412300SAC,2024-12-31 02:52:20.471855
jrue holiday,jrueholiday,BOS,202412310BOS,2024-12-31 17:22:50.913540
derrick white,derrickwhite,BOS,202412310BOS,2024-12-31 17:22:50.913540
jaylen brown,jaylenbrown,BOS,202412310BOS,2024-12-31 17:22:50.913540
jayson tatum,jaysontatum,BOS,202412310BOS,2024-12-31 17:22:50.913540
kristaps porzingis,kristapsporzingis,BOS,202412310BOS,2024-12-31 17:22:50.913540
scottie barnes,scottiebarnes,TOR,202412310BOS,2024-12-31 17:22:50.913540
gradey dick,gradeydick,TOR,202412310BOS,2024-12-31 17:22:50.913540
bruce brown,brucebrown,TOR,202412310BOS,2024-12-31 17:22:50.913540
ochai agbaji,ochaiagbaji,TOR,202412310BOS,2024-12-31 17:22:50.913540
jakob poeltl,jakobpoeltl,TOR,202412310BOS,2024-12-31 17:22:50.913540
tyrese haliburton,tyresehaliburton,IND,202412310IND,2024-12-31 17:22:50.913540
andrew nembhard,andrewnembhard,IND,202412310IND,2024-12-31 17:22:50.913540
bennedict mathurin,bennedictmathurin,IND,202412310IND,2024-12-31 17:22:50.913540
pascal siakam,pascalsiakam,IND,202412310IND,2024-12-31 17:22:50.913540
myles turner,mylesturner,IND,202412310IND,2024-12-31 17:22:50.913540
damian lillard,damianlillard,MIL,202412310IND,2024-12-31 17:22:50.913540
khris middleton,khrismiddleton,MIL,202412310IND,2024-12-31 17:22:50.913540
andre jackson,andrejackson,MIL,202412310IND,2024-12-31 17:22:50.913540
giannis antetokounmpo,giannisantetokounmpo,MIL,202412310IND,2024-12-31 17:22:50.913540
brook lopez,brooklopez,MIL,202412310IND,2024-12-31 17:22:50.913540
chris paul,chrispaul,SAS,202412310SAS,2024-12-31 23:21:14.786816
devin vassell,devinvassell,SAS,202412310SAS,2024-12-31 23:21:14.786816
harrison barnes,harrisonbarnes,SAS,202412310SAS,2024-12-31 23:21:14.786816
jeremy sochan,jeremysochan,SAS,202412310SAS,2024-12-31 23:21:14.786816
victor wembanyama,victorwembanyama,SAS,202412310SAS,2024-12-31 23:21:14.786816
james harden,jamesharden,LAC,202412310SAS,2024-12-31 23:21:14.786816
kris dunn,krisdunn,LAC,202412310SAS,2024-12-31 23:21:14.786816
norman powell,normanpowell,LAC,202412310SAS,2024-12-31 23:21:14.786816
derrick jones,derrickjones,LAC,202412310SAS,2024-12-31 23:21:14.786816
ivica zubac,ivicazubac,LAC,202412310SAS,2024-12-31 23:21:14.786816
shai gilgeous alexander,shaigilgeousalexander,OKC,202412310OKC,2024-12-31 23:21:14.786816
cason wallace,casonwallace,OKC,202412310OKC,2024-12-31 23:21:14.786816
luguentz dort,luguentzdort,OKC,202412310OKC,2024-12-31 23:21:14.786816
jalen williams,jalenwilliams,OKC,202412310OKC,2024-12-31 23:21:14.786816
isaiah hartenstein,isaiahhartenstein,OKC,202412310OKC,2024-12-31 23:21:14.786816
mike conley,mikeconley,MIN,202412310OKC,2024-12-31 23:21:14.786816
anthony edwards,anthonyedwards,MIN,202412310OKC,2024-12-31 23:21:14.786816
jaden mcdaniels,jadenmcdaniels,MIN,202412310OKC,2024-12-31 23:21:14.786816
julius randle,juliusrandle,MIN,202412310OKC,2024-12-31 23:21:14.786816
rudy gobert,rudygobert,MIN,202412310OKC,2024-12-31 23:21:14.786816
austin reaves,austinreaves,LAL,202412310LAL,2024-12-31 23:21:14.786816
max christie,maxchristie,LAL,202412310LAL,2024-12-31 23:21:14.786816
rui hachimura,ruihachimura,LAL,202412310LAL,2024-12-31 23:21:14.786816
lebron james,lebronjames,LAL,202412310LAL,2024-12-31 23:21:14.786816
anthony davis,anthonydavis,LAL,202412310LAL,2024-12-31 23:21:14.786816
darius garland,dariusgarland,CLE,202412310LAL,2024-12-31 23:21:14.786816
donovan mitchell,donovanmitchell,CLE,202412310LAL,2024-12-31 23:21:14.786816
dean wade,deanwade,CLE,202412310LAL,2024-12-31 23:21:14.786816
evan mobley,evanmobley,CLE,202412310LAL,2024-12-31 23:21:14.786816
jarrett allen,jarrettallen,CLE,202412310LAL,2024-12-31 23:21:14.786816
tyus jones,tyusjones,PHO,202412310PHO,2024-12-31 23:21:14.786816
devin booker,devinbooker,PHO,202412310PHO,2024-12-31 23:21:14.786816
bradley beal,bradleybeal,PHO,202412310PHO,2024-12-31 23:21:14.786816
kevin durant,kevindurant,PHO,202412310PHO,2024-12-31 23:21:14.786816
mason plumlee,masonplumlee,PHO,202412310PHO,2024-12-31 23:21:14.786816
scotty pippen,scottypippen,MEM,202412310PHO,2024-12-31 23:21:14.786816
desmond bane,desmondbane,MEM,202412310PHO,2024-12-31 23:21:14.786816
jaylen wells,jaylenwells,MEM,202412310PHO,2024-12-31 23:21:14.786816
john konchar,johnkonchar,MEM,202412310PHO,2024-12-31 23:21:14.786816
jaren jackson,jarenjackson,MEM,202412310PHO,2024-12-31 23:21:14.786816
cade cunningham,cadecunningham,DET,202501010DET,2025-01-01 23:18:28.606507
jaden ivey,jadenivey,DET,202501010DET,2025-01-01 23:18:28.606507
tim hardaway,timhardaway,DET,202501010DET,2025-01-01 23:18:28.606507
tobias harris,tobiasharris,DET,202501010DET,2025-01-01 23:18:28.606507
jalen duren,jalenduren,DET,202501010DET,2025-01-01 23:18:28.606507
jalen suggs,jalensuggs,ORL,202501010DET,2025-01-01 23:18:28.606507
kentavious caldwell pope,kentaviouscaldwellpope,ORL,202501010DET,2025-01-01 23:18:28.606507
tristan da silva,tristandasilva,ORL,202501010DET,2025-01-01 23:18:28.606507
wendell carter,wendellcarter,ORL,202501010DET,2025-01-01 23:18:28.606507
goga bitadze,gogabitadze,ORL,202501010DET,2025-01-01 23:18:28.606507
jordan poole,jordanpoole,WAS,202501010WAS,2025-01-01 23:18:28.606507
carlton carrington,carltoncarrington,WAS,202501010WAS,2025-01-01 23:18:28.606507
bilal coulibaly,bilalcoulibaly,WAS,202501010WAS,2025-01-01 23:18:28.606507
kyle kuzma,kylekuzma,WAS,202501010WAS,2025-01-01 23:18:28.606507
alexandre sarr,alexandresarr,WAS,202501010WAS,2025-01-01 23:18:28.606507
josh giddey,joshgiddey,CHI,202501010WAS,2025-01-01 23:18:28.606507
coby white,cobywhite,CHI,202501010WAS,2025-01-01 23:18:28.606507
zach lavine,zachlavine,CHI,202501010WAS,2025-01-01 23:18:28.606507
patrick williams,patrickwilliams,CHI,202501010WAS,2025-01-01 23:18:28.606507
nikola vucevic,nikolavucevic,CHI,202501010WAS,2025-01-01 23:18:28.606507
tyler herro,tylerherro,MIA,202501010MIA,2025-01-01 23:18:28.606507
duncan robinson,duncanrobinson,MIA,202501010MIA,2025-01-01 23:18:28.606507
jimmy butler,jimmybutler,MIA,202501010MIA,2025-01-01 23:18:28.606507
haywood highsmith,haywoodhighsmith,MIA,202501010MIA,2025-01-01 23:18:28.606507
bam adebayo,bamadebayo,MIA,202501010MIA,2025-01-01 23:18:28.606507
dejounte murray,dejountemurray,NOP,202501010MIA,2025-01-01 23:18:28.606507
cj mccollum,cjmccollum,NOP,202501010MIA,2025-01-01 23:18:28.606507
trey murphy,treymurphy,NOP,202501010MIA,2025-01-01 23:18:28.606507
herbert jones,herbertjones,NOP,202501010MIA,2025-01-01 23:18:28.606507
yves missi,yvesmissi,NOP,202501010MIA,2025-01-01 23:18:28.606507
jalen brunson,jalenbrunson,NYK,202501010NYK,2025-01-01 23:18:28.606507
mikal bridges,mikalbridges,NYK,202501010NYK,2025-01-01 23:18:28.606507
josh hart,joshhart,NYK,202501010NYK,2025-01-01 23:18:28.606507
og anunoby,oganunoby,NYK,202501010NYK,2025-01-01 23:18:28.606507
karl anthony towns,karlanthonytowns,NYK,202501010NYK,2025-01-01 23:18:28.606507
keyonte george,keyontegeorge,UTA,202501010NYK,2025-01-01 23:18:28.606507
collin sexton,collinsexton,UTA,202501010NYK,2025-01-01 23:18:28.606507
johnny juzang,johnnyjuzang,UTA,202501010NYK,2025-01-01 23:18:28.606507
lauri markkanen,laurimarkkanen,UTA,202501010NYK,2025-01-01 23:18:28.606507
walker kessler,walkerkessler,UTA,202501010NYK,2025-01-01 23:18:28.606507
immanuel quickley,immanuelquickley,TOR,202501010TOR,2025-01-01 23:18:28.606507
gradey dick,gradeydick,TOR,202501010TOR,2025-01-01 23:18:28.606507
ochai agbaji,ochaiagbaji,TOR,202501010TOR,2025-01-01 23:18:28.606507
scottie barnes,scottiebarnes,TOR,202501010TOR,2025-01-01 23:18:28.606507
jakob poeltl,jakobpoeltl,TOR,202501010TOR,2025-01-01 23:18:28.606507
ben simmons,bensimmons,BRK,202501010TOR,2025-01-01 23:18:28.606507
keon johnson,keonjohnson,BRK,202501010TOR,2025-01-01 23:18:28.606507
cameron johnson,cameronjohnson,BRK,202501010TOR,2025-01-01 23:18:28.606507
noah clowney,noahclowney,BRK,202501010TOR,2025-01-01 23:18:28.606507
nic claxton,nicclaxton,BRK,202501010TOR,2025-01-01 23:18:28.606507
fred vanvleet,fredvanvleet,HOU,202501010HOU,2025-01-01 23:18:28.606507
jalen green,jalengreen,HOU,202501010HOU,2025-01-01 23:18:28.606507
dillon brooks,dillonbrooks,HOU,202501010HOU,2025-01-01 23:18:28.606507
jabari smith,jabarismith,HOU,202501010HOU,2025-01-01 23:18:28.606507
alperen sengun,alperensengun,HOU,202501010HOU,2025-01-01 23:18:28.606507
spencer dinwiddie,spencerdinwiddie,DAL,202501010HOU,2025-01-01 23:18:28.606507
kyrie irving,kyrieirving,DAL,202501010HOU,2025-01-01 23:18:28.606507
klay thompson,klaythompson,DAL,202501010HOU,2025-01-01 23:18:28.606507
pj washington,pjwashington,DAL,202501010HOU,2025-01-01 23:18:28.606507
dereck lively,derecklively,DAL,202501010HOU,2025-01-01 23:18:28.606507
russell westbrook,russellwestbrook,DEN,202501010DEN,2025-01-01 23:18:28.606507
jamal murray,jamalmurray,DEN,202501010DEN,2025-01-01 23:18:28.606507
christian braun,christianbraun,DEN,202501010DEN,2025-01-01 23:18:28.606507
michael porter,michaelporter,DEN,202501010DEN,2025-01-01 23:18:28.606507
nikola jokic,nikolajokic,DEN,202501010DEN,2025-01-01 23:18:28.606507
trae young,traeyoung,ATL,202501010DEN,2025-01-01 23:18:28.606507
dyson daniels,dysondaniels,ATL,202501010DEN,2025-01-01 23:18:28.606507
zaccharie risacher,zaccharierisacher,ATL,202501010DEN,2025-01-01 23:18:28.606507
jalen johnson,jalenjohnson,ATL,202501010DEN,2025-01-01 23:18:28.606507
clint capela,clintcapela,ATL,202501010DEN,2025-01-01 23:18:28.606507
deaaron fox,deaaronfox,SAC,202501010SAC,2025-01-02 02:52:39.612593
malik monk,malikmonk,SAC,202501010SAC,2025-01-02 02:52:39.612593
keon ellis,keonellis,SAC,202501010SAC,2025-01-02 02:52:39.612593
demar derozan,demarderozan,SAC,202501010SAC,2025-01-02 02:52:39.612593
domantas sabonis,domantassabonis,SAC,202501010SAC,2025-01-02 02:52:39.612593
tyrese maxey,tyresemaxey,PHI,202501010SAC,2025-01-02 02:52:39.612593
kyle lowry,kylelowry,PHI,202501010SAC,2025-01-02 02:52:39.612593
paul george,paulgeorge,PHI,202501010SAC,2025-01-02 02:52:39.612593
caleb martin,calebmartin,PHI,202501010SAC,2025-01-02 02:52:39.612593
guerschon yabusele,guerschonyabusele,PHI,202501010SAC,2025-01-02 02:52:39.612593
tyler herro,tylerherro,MIA,202501020MIA,2025-01-02 23:18:59.127432
duncan robinson,duncanrobinson,MIA,202501020MIA,2025-01-02 23:18:59.127432
jimmy butler,jimmybutler,MIA,202501020MIA,2025-01-02 23:18:59.127432
haywood highsmith,haywoodhighsmith,MIA,202501020MIA,2025-01-02 23:18:59.127432
bam adebayo,bamadebayo,MIA,202501020MIA,2025-01-02 23:18:59.127432
tyrese haliburton,tyresehaliburton,IND,202501020MIA,2025-01-02 23:18:59.127432
andrew nembhard,andrewnembhard,IND,202501020MIA,2025-01-02 23:18:59.127432
bennedict mathurin,bennedictmathurin,IND,202501020MIA,2025-01-02 23:18:59.127432
pascal siakam,pascalsiakam,IND,202501020MIA,2025-01-02 23:18:59.127432
myles turner,mylesturner,IND,202501020MIA,2025-01-02 23:18:59.127432
mike conley,mikeconley,MIN,202501020MIN,2025-01-02 23:18:59.127432
anthony edwards,anthonyedwards,MIN,202501020MIN,2025-01-02 23:18:59.127432
jaden mcdaniels,jadenmcdaniels,MIN,202501020MIN,2025-01-02 23:18:59.127432
julius randle,juliusrandle,MIN,202501020MIN,2025-01-02 23:18:59.127432
rudy gobert,rudygobert,MIN,202501020MIN,2025-01-02 23:18:59.127432
jrue holiday,jrueholiday,BOS,202501020MIN,2025-01-02 23:18:59.127432
derrick white,derrickwhite,BOS,202501020MIN,2025-01-02 23:18:59.127432
sam hauser,samhauser,BOS,202501020MIN,2025-01-02 23:18:59.127432
jayson tatum,jaysontatum,BOS,202501020MIN,2025-01-02 23:18:59.127432
al horford,alhorford,BOS,202501020MIN,2025-01-02 23:18:59.127432
damian lillard,damianlillard,MIL,202501020MIL,2025-01-02 23:18:59.127432
khris middleton,khrismiddleton,MIL,202501020MIL,2025-01-02 23:18:59.127432
andre jackson,andrejackson,MIL,202501020MIL,2025-01-02 23:18:59.127432
giannis antetokounmpo,giannisantetokounmpo,MIL,202501020MIL,2025-01-02 23:18:59.127432
brook lopez,brooklopez,MIL,202501020MIL,2025-01-02 23:18:59.127432
dangelo russell,dangelorussell,BRK,202501020MIL,2025-01-02 23:18:59.127432
cam thomas,camthomas,BRK,202501020MIL,2025-01-02 23:18:59.127432
cameron johnson,cameronjohnson,BRK,202501020MIL,2025-01-02 23:18:59.127432
noah clowney,noahclowney,BRK,202501020MIL,2025-01-02 23:18:59.127432
nic claxton,nicclaxton,BRK,202501020MIL,2025-01-02 23:18:59.127432
shai gilgeous alexander,shaigilgeousalexander,OKC,202501020OKC,2025-01-02 23:18:59.127432
cason wallace,casonwallace,OKC,202501020OKC,2025-01-02 23:18:59.127432
luguentz dort,luguentzdort,OKC,202501020OKC,2025-01-02 23:18:59.127432
jalen williams,jalenwilliams,OKC,202501020OKC,2025-01-02 23:18:59.127432
isaiah hartenstein,isaiahhartenstein,OKC,202501020OKC,2025-01-02 23:18:59.127432
james harden,jamesharden,LAC,202501020OKC,2025-01-02 23:18:59.127432
kris dunn,krisdunn,LAC,202501020OKC,2025-01-02 23:18:59.127432
norman powell,normanpowell,LAC,202501020OKC,2025-01-02 23:18:59.127432
derrick jones,derrickjones,LAC,202501020OKC,2025-01-02 23:18:59.127432
ivica zubac,ivicazubac,LAC,202501020OKC,2025-01-02 23:18:59.127432
stephen curry,stephencurry,GSW,202501020GSW,2025-01-03 02:52:46.278485
dennis schroder,dennisschroder,GSW,202501020GSW,2025-01-03 02:52:46.278485
andrew wiggins,andrewwiggins,GSW,202501020GSW,2025-01-03 02:52:46.278485
draymond green,draymondgreen,GSW,202501020GSW,2025-01-03 02:52:46.278485
trayce jackson davis,traycejacksondavis,GSW,202501020GSW,2025-01-03 02:52:46.278485
tyrese maxey,tyresemaxey,PHI,202501020GSW,2025-01-03 02:52:46.278485
kyle lowry,kylelowry,PHI,202501020GSW,2025-01-03 02:52:46.278485
paul george,paulgeorge,PHI,202501020GSW,2025-01-03 02:52:46.278485
caleb martin,calebmartin,PHI,202501020GSW,2025-01-03 02:52:46.278485
joel embiid,joelembiid,PHI,202501020GSW,2025-01-03 02:52:46.278485
austin reaves,austinreaves,LAL,202501020LAL,2025-01-03 02:52:46.278485
max christie,maxchristie,LAL,202501020LAL,2025-01-03 02:52:46.278485
rui hachimura,ruihachimura,LAL,202501020LAL,2025-01-03 02:52:46.278485
lebron james,lebronjames,LAL,202501020LAL,2025-01-03 02:52:46.278485
jaxson hayes,jaxsonhayes,LAL,202501020LAL,2025-01-03 02:52:46.278485
anfernee simons,anferneesimons,POR,202501020LAL,2025-01-03 02:52:46.278485
shaedon sharpe,shaedonsharpe,POR,202501020LAL,2025-01-03 02:52:46.278485
toumani camara,toumanicamara,POR,202501020LAL,2025-01-03 02:52:46.278485
deni avdija,deniavdija,POR,202501020LAL,2025-01-03 02:52:46.278485
deandre ayton,deandreayton,POR,202501020LAL,2025-01-03 02:52:46.278485
cade cunningham,cadecunningham,DET,202501030DET,2025-01-03 23:23:39.334105
tim hardaway,timhardaway,DET,202501030DET,2025-01-03 23:23:39.334105
ausar thompson,ausarthompson,DET,202501030DET,2025-01-03 23:23:39.334105
tobias harris,tobiasharris,DET,202501030DET,2025-01-03 23:23:39.334105
jalen duren,jalenduren,DET,202501030DET,2025-01-03 23:23:39.334105
vasilije micic,vasilijemicic,CHO,202501030DET,2025-01-03 23:23:39.334105
seth curry,sethcurry,CHO,202501030DET,2025-01-03 23:23:39.334105
josh green,joshgreen,CHO,202501030DET,2025-01-03 23:23:39.334105
miles bridges,milesbridges,CHO,202501030DET,2025-01-03 23:23:39.334105
mark williams,markwilliams,CHO,202501030DET,2025-01-03 23:23:39.334105
immanuel quickley,immanuelquickley,TOR,202501030TOR,2025-01-03 23:23:39.334105
gradey dick,gradeydick,TOR,202501030TOR,2025-01-03 23:23:39.334105
ochai agbaji,ochaiagbaji,TOR,202501030TOR,2025-01-03 23:23:39.334105
scottie barnes,scottiebarnes,TOR,202501030TOR,2025-01-03 23:23:39.334105
jakob poeltl,jakobpoeltl,TOR,202501030TOR,2025-01-03 23:23:39.334105
jalen suggs,jalensuggs,ORL,202501030TOR,2025-01-03 23:23:39.334105
kentavious caldwell pope,kentaviouscaldwellpope,ORL,202501030TOR,2025-01-03 23:23:39.334105
tristan da silva,tristandasilva,ORL,202501030TOR,2025-01-03 23:23:39.334105
wendell carter,wendellcarter,ORL,202501030TOR,2025-01-03 23:23:39.334105
goga bitadze,gogabitadze,ORL,202501030TOR,2025-01-03 23:23:39.334105
fred vanvleet,fredvanvleet,HOU,202501030HOU,2025-01-03 23:23:39.334105
jalen green,jalengreen,HOU,202501030HOU,2025-01-03 23:23:39.334105
dillon brooks,dillonbrooks,HOU,202501030HOU,2025-01-03 23:23:39.334105
jabari smith,jabarismith,HOU,202501030HOU,2025-01-03 23:23:39.334105
alperen sengun,alperensengun,HOU,202501030HOU,2025-01-03 23:23:39.334105
jrue holiday,jrueholiday,BOS,202501030HOU,2025-01-03 23:23:39.334105
derrick white,derrickwhite,BOS,202501030HOU,2025-01-03 23:23:39.334105
jaylen brown,jaylenbrown,BOS,202501030HOU,2025-01-03 23:23:39.334105
jayson tatum,jaysontatum,BOS,202501030HOU,2025-01-03 23:23:39.334105
kristaps porzingis,kristapsporzingis,BOS,202501030HOU,2025-01-03 23:23:39.334105
dejounte murray,dejountemurray,NOP,202501030NOP,2025-01-03 23:23:39.334105
cj mccollum,cjmccollum,NOP,202501030NOP,2025-01-03 23:23:39.334105
trey murphy,treymurphy,NOP,202501030NOP,2025-01-03 23:23:39.334105
herbert jones,herbertjones,NOP,202501030NOP,2025-01-03 23:23:39.334105
yves missi,yvesmissi,NOP,202501030NOP,2025-01-03 23:23:39.334105
jordan poole,jordanpoole,WAS,202501030NOP,2025-01-03 23:23:39.334105
carlton carrington,carltoncarrington,WAS,202501030NOP,2025-01-03 23:23:39.334105
justin champagnie,justinchampagnie,WAS,202501030NOP,2025-01-03 23:23:39.334105
kyle kuzma,kylekuzma,WAS,202501030NOP,2025-01-03 23:23:39.334105
alexandre sarr,alexandresarr,WAS,202501030NOP,2025-01-03 23:23:39.334105
shai gilgeous alexander,shaigilgeousalexander,OKC,202501030OKC,2025-01-03 23:23:39.334105
luguentz dort,luguentzdort,OKC,202501030OKC,2025-01-03 23:23:39.334105
aaron wiggins,aaronwiggins,OKC,202501030OKC,2025-01-03 23:23:39.334105
jalen williams,jalenwilliams,OKC,202501030OKC,2025-01-03 23:23:39.334105
isaiah hartenstein,isaiahhartenstein,OKC,202501030OKC,2025-01-03 23:23:39.334105
jalen brunson,jalenbrunson,NYK,202501030OKC,2025-01-03 23:23:39.334105
mikal bridges,mikalbridges,NYK,202501030OKC,2025-01-03 23:23:39.334105
josh hart,joshhart,NYK,202501030OKC,2025-01-03 23:23:39.334105
og anunoby,oganunoby,NYK,202501030OKC,2025-01-03 23:23:39.334105
karl anthony towns,karlanthonytowns,NYK,202501030OKC,2025-01-03 23:23:39.334105
spencer dinwiddie,spencerdinwiddie,DAL,202501030DAL,2025-01-03 23:23:39.334105
quentin grimes,quentingrimes,DAL,202501030DAL,2025-01-03 23:23:39.334105
klay thompson,klaythompson,DAL,202501030DAL,2025-01-03 23:23:39.334105
pj washington,pjwashington,DAL,202501030DAL,2025-01-03 23:23:39.334105
dereck lively,derecklively,DAL,202501030DAL,2025-01-03 23:23:39.334105
darius garland,dariusgarland,CLE,202501030DAL,2025-01-03 23:23:39.334105
donovan mitchell,donovanmitchell,CLE,202501030DAL,2025-01-03 23:23:39.334105
dean wade,deanwade,CLE,202501030DAL,2025-01-03 23:23:39.334105
evan mobley,evanmobley,CLE,202501030DAL,2025-01-03 23:23:39.334105
jarrett allen,jarrettallen,CLE,202501030DAL,2025-01-03 23:23:39.334105
russell westbrook,russellwestbrook,DEN,202501030DEN,2025-01-03 23:23:39.334105
jamal murray,jamalmurray,DEN,202501030DEN,2025-01-03 23:23:39.334105
christian braun,christianbraun,DEN,202501030DEN,2025-01-03 23:23:39.334105
michael porter,michaelporter,DEN,202501030DEN,2025-01-03 23:23:39.334105
nikola jokic,nikolajokic,DEN,202501030DEN,2025-01-03 23:23:39.334105
chris paul,chrispaul,SAS,202501030DEN,2025-01-03 23:23:39.334105
stephon castle,stephoncastle,SAS,202501030DEN,2025-01-03 23:23:39.334105
devin vassell,devinvassell,SAS,202501030DEN,2025-01-03 23:23:39.334105
harrison barnes,harrisonbarnes,SAS,202501030DEN,2025-01-03 23:23:39.334105
victor wembanyama,victorwembanyama,SAS,202501030DEN,2025-01-03 23:23:39.334105
deaaron fox,deaaronfox,SAC,202501030SAC,2025-01-04 02:51:29.937959
malik monk,malikmonk,SAC,202501030SAC,2025-01-04 02:51:29.937959
keon ellis,keonellis,SAC,202501030SAC,2025-01-04 02:51:29.937959
demar derozan,demarderozan,SAC,202501030SAC,2025-01-04 02:51:29.937959
domantas sabonis,domantassabonis,SAC,202501030SAC,2025-01-04 02:51:29.937959
scotty pippen,scottypippen,MEM,202501030SAC,2025-01-04 02:51:29.937959
desmond bane,desmondbane,MEM,202501030SAC,2025-01-04 02:51:29.937959
jaylen wells,jaylenwells,MEM,202501030SAC,2025-01-04 02:51:29.937959
jaren jackson,jarenjackson,MEM,202501030SAC,2025-01-04 02:51:29.937959
brandon clarke,brandonclarke,MEM,202501030SAC,2025-01-04 02:51:29.937959
austin reaves,austinreaves,LAL,202501030LAL,2025-01-04 02:51:29.937959
max christie,maxchristie,LAL,202501030LAL,2025-01-04 02:51:29.937959
rui hachimura,ruihachimura,LAL,202501030LAL,2025-01-04 02:51:29.937959
lebron james,lebronjames,LAL,202501030LAL,2025-01-04 02:51:29.937959
anthony davis,anthonydavis,LAL,202501030LAL,2025-01-04 02:51:29.937959
trae young,traeyoung,ATL,202501030LAL,2025-01-04 02:51:29.937959
dyson daniels,dysondaniels,ATL,202501030LAL,2025-01-04 02:51:29.937959
zaccharie risacher,zaccharierisacher,ATL,202501030LAL,2025-01-04 02:51:29.937959
jalen johnson,jalenjohnson,ATL,202501030LAL,2025-01-04 02:51:29.937959
clint capela,clintcapela,ATL,202501030LAL,2025-01-04 02:51:29.937959
